legacy_id,name,title,description,material,color,care,year,main_image,image,image2,category,sub_category
"1","Arthene","Single Seater","Where craftsmanship meets calm. Arthene is defined by its beautifully sculpted wooden frame and plush dual cushions that offer deep, inviting comfort. Its sleek angled silhouette, rich walnut tones, and olive leather upholstery bring quiet sophistication to modern living spaces. A piece that doesn’t just complement your space — it defines it.","Solid Wood Frame / Premium Upholstered Leatherette Cushions / High-Density Foam Padding / Matte Lacquer Finish","Walnut Brown Frame with Olive Green Cushions","Dust the wooden frame regularly with a soft dry cloth. Wipe upholstery with a slightly damp cloth and mild soap when needed. Avoid harsh cleaners, direct sunlight, and excess moisture to preserve the finish and upholstery.","2024 Collection","https://res.cloudinary.com/dubgo0vue/image/upload/v1776799404/destrezza/migrated/yxmz6tp5tqzw74ltzluo.jpg","https://res.cloudinary.com/dubgo0vue/image/upload/v1776799405/destrezza/migrated/no23faqamu6xewczq2nm.jpg","https://res.cloudinary.com/dubgo0vue/image/upload/v1776799407/destrezza/migrated/nmov2wgwwung7jeufnqc.jpg","Living","Accent | Lounge Chairs"
"2","Arvionc","Console","The Arvionc Console stands as a reflection of modern refinement. Strong in presence and graceful in detail, it blends clean structure with warm wooden textures. The dual drawers offer functional storage, while the open lower shelves provide versatile display or utility space. Designed to bring harmony and understated elegance into contemporary interiors, Arvionc is both practical and beautifully crafted.","Solid Wood Frame / Veneered Drawer Panels / Open Lower Shelves / Matte Water-Based Lacquer Finish","Warm Walnut Brown","Dust regularly with a dry soft cloth. Clean spills immediately using a slightly damp cloth. Avoid harsh solvents and prolonged direct sunlight. Use protective pads when placing decorative items on the surface.","2024 Collection","https://res.cloudinary.com/dubgo0vue/image/upload/v1776799409/destrezza/migrated/qn9hdojjpk9u8dck6q8y.jpg","https://res.cloudinary.com/dubgo0vue/image/upload/v1776799410/destrezza/migrated/zaheepjbiecprldlet6p.jpg","https://res.cloudinary.com/dubgo0vue/image/upload/v1776799412/destrezza/migrated/yofs2hkrijqw4xazdimo.jpg","Living","Consoles"
"3","Ashcaen","Dining Table","The Ashcaen Dining Table is designed as a centerpiece for meaningful gatherings. With its sculpted base and rich wooden finish, it combines strength with refined elegance. Paired with rattan-back chairs and cushioned seats, the set creates a warm, welcoming atmosphere for family meals, celebrations, or quiet moments of connection. Its timeless craftsmanship ensures it complements both contemporary and classic interiors.","FSC-Certified Solid Oakwood Tabletop & Frame / Matte Water-Based Lacquer Finish / Rattan-Back Dining Chairs with Upholstered Cushions","Natural Wood (Deep Walnut Finish) with Light Beige Upholstered Seating and Cane Backs","Wipe table and chairs with a soft damp cloth. Avoid direct sunlight, excess heat, or abrasive cleaners. Use coasters, placemats, and trivets to protect surfaces. Tighten joints every 6–8 months for lasting durability.","2024 Collection","https://res.cloudinary.com/dubgo0vue/image/upload/v1776799414/destrezza/migrated/qcmotkbv9wmzuatbo1gd.png","https://res.cloudinary.com/dubgo0vue/image/upload/v1776799416/destrezza/migrated/oyzffggerv3d56lf2vrc.png","https://res.cloudinary.com/dubgo0vue/image/upload/v1776799417/destrezza/migrated/doqdj4wzxm4v6ab7na1n.png","Dining","Dining Tables"
"4","Ashrattan","Chair & Table Set","The Ashrattan Chair & Table Set embodies timeless craftsmanship with a modern touch. The chairs feature a natural rattan backrest framed in smooth solid wood, paired with plush velvet-like upholstered seats in a rich rose hue for comfort and elegance. Complementing them is a round wooden dining table with a sculpted pedestal base that adds a bold, contemporary character. This set is perfect for dining corners, cafes, or cozy conversational spaces, offering both warmth and style.","Solid Wood Frame / Natural Rattan Backrest / High-Density Foam Cushioning / Premium Velvet Upholstery / Solid Wood Table","Natural Wood with Rattan Detailing / Rose-Pink Upholstery / Dark Walnut Table","Dust rattan and wood surfaces regularly with a dry cloth. Vacuum cushions with a soft brush attachment. Spot clean upholstery with mild soap solution and a damp cloth. Avoid harsh cleaners. Keep away from direct sunlight and moisture to prevent fading and warping.","2024 Collection","https://res.cloudinary.com/dubgo0vue/image/upload/v1776799420/destrezza/migrated/xjh0iqfmy6xzleotfuus.png","https://res.cloudinary.com/dubgo0vue/image/upload/v1776799422/destrezza/migrated/sxshbeaciuuackyldybn.png","https://res.cloudinary.com/dubgo0vue/image/upload/v1776799424/destrezza/migrated/ebbu3beug7zqrzzh4k4n.png","Dining","Dining Collections"
"5","Ashtone","Dining Table","The Ashtone Dining Table embodies contemporary sophistication with its sleek stone-finish top and sculpted dark base. Designed for both modern homes and refined workspaces, it strikes the perfect balance between elegance and durability. Paired with plush upholstered chairs featuring curved backs and matte black legs, it offers comfort and style in equal measure. Ideal for intimate dinners, professional meetings, or lively gatherings, the Ashtone is a versatile centerpiece for today’s living.","Engineered Stone Tabletop with Matte Finish / Powder-Coated Metal Base / Upholstered Fabric Chairs with High-Density Foam and Solid Wood Legs","Soft Grey Stone Top with Deep Black Base / Taupe Upholstered Chairs with Black Frames","Clean the tabletop with a soft damp cloth; avoid harsh chemicals and acidic cleaners. Use placemats and coasters to prevent stains and scratches. Vacuum chair upholstery gently with a soft brush attachment. Keep away from direct sunlight and high humidity to preserve finish and fabric.","2024 Collection","https://res.cloudinary.com/dubgo0vue/image/upload/v1776799427/destrezza/migrated/vnpsof4najlgcp0o75oc.png","https://res.cloudinary.com/dubgo0vue/image/upload/v1776799429/destrezza/migrated/ikdj55smzwh7yh9uio1l.png","https://res.cloudinary.com/dubgo0vue/image/upload/v1776799430/destrezza/migrated/zt3krvhmvilsxaqznzt4.png","Dining","Dining Tables"
"6","Aureo","Exquisite Chair","Minimal in form, rich in presence. The Aureo Chair embodies a perfect balance of function and sophistication. Its sculpted circular frame flows seamlessly into a handcrafted cane backrest, creating a piece that stands out through refined geometry and warm natural textures. Aureo adds an artistic statement to living spaces while offering a uniquely comfortable seating experience.","Solid Wood Frame / Handwoven Natural Cane Backrest / Matte Lacquer Finish","Warm Walnut Brown with Natural Cane","Dust wood and cane surfaces regularly with a dry cloth. Avoid direct sunlight and high humidity to preserve the cane’s natural durability. Wipe gently with a slightly damp cloth when needed. Do not use harsh chemicals.","2024 Collection","https://res.cloudinary.com/dubgo0vue/image/upload/v1776799432/destrezza/migrated/izsjcmbdsrhs3elxpchx.jpg","https://res.cloudinary.com/dubgo0vue/image/upload/v1776799433/destrezza/migrated/ztn8n7mlayr3wpqfnbqc.jpg","https://res.cloudinary.com/dubgo0vue/image/upload/v1776799435/destrezza/migrated/pjdry8r0lu1c6pnesg3p.jpg","Living","Accent | Lounge Chairs"
"7","Bansih","Sofa Family","The Bansih Sofa Family blends contemporary elegance with natural textures. Featuring smooth solid wood frames with woven rattan side panels, the set comes with bright yellow cushions and patterned backrests that add vibrancy to the muted room tones. A matching coffee table with rattan accents and a sleek wooden media unit complete the setting, making it ideal for modern living rooms with a touch of earthy warmth.","Solid Wood Frame / Rattan Side Panels / High-Density Foam Cushioning / Premium Upholstered Fabric","Natural Wood with Rattan Detailing / Yellow Cushions / Blue and Beige Patterned Backrest","Vacuum cushions and upholstery regularly using a soft brush. Spot clean with a damp cloth and mild detergent. Wipe rattan and wood surfaces with a dry or slightly damp cloth. Keep away from direct sunlight and excess moisture to preserve colors and textures.","2024 Collection","https://res.cloudinary.com/dubgo0vue/image/upload/v1776799437/destrezza/migrated/wnrwgsx6q2hsuwda3qzp.png","https://res.cloudinary.com/dubgo0vue/image/upload/v1776799439/destrezza/migrated/l1a0lgnxcjadwes4vwpc.png","https://res.cloudinary.com/dubgo0vue/image/upload/v1776799441/destrezza/migrated/p9zpzrbxo0uuefqnmyex.png","Living","Sofas & Sectionals"
"8","Carbon","Single Seater","The Carbon Single Seater strikes a bold balance between comfort and artistic design. Its sleek black wooden frame embraces a richly patterned upholstered seat, while the deep red rattan sides add texture and sophistication. A warm-toned cushion provides contrast, making it both inviting and visually striking. Ideal for cozy nooks, lounges, or accent seating, the Carbon transforms any corner into a refined retreat with a touch of modern eclectic charm.","Solid Wood Frame / Rattan Side Panels / High-Density Foam Cushioning / Premium Upholstered Fabric Seat","Black Wooden Frame with Red Rattan Sides / Upholstery in Muted Grey and Burgundy Patterns / Accent Cushion in Burnt Red","Vacuum upholstery regularly using a soft brush attachment. Spot clean fabric with a damp cloth and mild detergent. Keep rattan and wood dust-free with a dry cloth. Avoid direct sunlight to preserve colors and prevent fading.","2024 Collection","https://res.cloudinary.com/dubgo0vue/image/upload/v1776799443/destrezza/migrated/vpynabuknxbag8pa5ggh.png","https://res.cloudinary.com/dubgo0vue/image/upload/v1776799446/destrezza/migrated/nsgubhgaovkm0wyimx78.png","https://res.cloudinary.com/dubgo0vue/image/upload/v1776799449/destrezza/migrated/trzgp6dvkrtxh2umddi3.png","Living","Accent | Lounge Chairs"
"9","Cavora","Sofa & Single Seater","The Cavora collection captures the essence of refined comfort through its smooth curves, sculpted forms, and inviting plush seating. Whether in its expansive sofa form or as an elegant single seater, Cavora redefines minimal luxury. Thoughtfully crafted to stand out while blending effortlessly into modern spaces, it offers a soft, cloud-like seating experience that feels both artistic and timeless.","Premium Upholstered Fabric / High-Density Foam Cushions / Reinforced Wooden Internal Frame / Matte Black Base Support","Soft Grey Sofa with Burnt Red Accent Cushions / Warm Terracotta Single Seater","Vacuum regularly using a soft brush attachment. Blot spills immediately with a clean, dry cloth. Use mild upholstery cleaner when required. Avoid direct sunlight to preserve fabric color and texture.","2024 Collection","https://res.cloudinary.com/dubgo0vue/image/upload/v1776799450/destrezza/migrated/x8qskle2einpyfp9e9tu.jpg","https://res.cloudinary.com/dubgo0vue/image/upload/v1776799452/destrezza/migrated/wzmotmw55eddpql2xqu2.jpg","https://res.cloudinary.com/dubgo0vue/image/upload/v1776799453/destrezza/migrated/iztgpvbj4wtsvakfokwp.jpg","Living","Sofas & Sectionals"
"10","Clyra","Single Seater","The Clyra Single Seater embodies the gentle harmony of craftsmanship and comfort. Its refined frame combines solid wood with natural cane weave, creating a clean and inviting silhouette. The soft leather seat and plush fabric backrest enhance both luxury and relaxation, while the angled wooden arms provide balance and poise. Perfect for living spaces or reading corners, Clyra merges tactile warmth with timeless design.","Solid Wood Frame / Natural Rattan Cane Side Panels / Premium Leather Seat Cushion / Soft Fabric Backrest / Matte Lacquer Finish","Walnut Brown Frame with Beige Fabric Backrest and Charcoal Leather Seat","Wipe leather surfaces with a soft, damp cloth. Dust cane and wood regularly with a dry cloth. Avoid prolonged exposure to sunlight or humidity. Use mild upholstery cleaner for fabric when necessary. Tighten joints periodically every 6–8 months.","2024 Collection","https://res.cloudinary.com/dubgo0vue/image/upload/v1776799455/destrezza/migrated/ivd0h08ssur7l0fqhsul.jpg","https://res.cloudinary.com/dubgo0vue/image/upload/v1776799456/destrezza/migrated/ge5vgaagfbhxc0lsnm8d.jpg","https://res.cloudinary.com/dubgo0vue/image/upload/v1776799458/destrezza/migrated/scu6higpjvevmnqrthno.jpg","Living","Accent | Lounge Chairs"
"11","Cosmos","Console","The Cosmos Console embodies refined minimalism with a striking modern twist. Its natural wood frame is paired with a bold, deep blue fluted panel that adds depth and texture to the design. The open shelving provides versatile display space, while the sliding door conceals storage with elegance. A perfect blend of form and function, the Cosmos serves as an accent piece for entryways, living rooms, or dining spaces, elevating interiors with its understated sophistication.","Solid Wood Frame / Engineered Wood Panel with Fluted Finish / Smooth Sliding Mechanism","Natural Wood Frame with Deep Blue Fluted Front","Dust regularly with a soft, dry cloth. Wipe spills immediately with a damp cloth to prevent staining. Avoid harsh chemicals and abrasive cleaners. Keep away from direct sunlight and high humidity to maintain finish and structure.","2024 Collection","https://res.cloudinary.com/dubgo0vue/image/upload/v1776799460/destrezza/migrated/ocfhriymawq7yqufywwq.png","https://res.cloudinary.com/dubgo0vue/image/upload/v1776799462/destrezza/migrated/vt1utbqitalluucfmfzd.png","https://res.cloudinary.com/dubgo0vue/image/upload/v1776799464/destrezza/migrated/u0haloopwa8s0phjc9x4.png","Living","Consoles"
"12","Crown","Single Seater","The Crown Single Seater blends mid-century elegance with modern comfort. Crafted with a gracefully curved wooden frame and paired with deep-cushioned seating, it offers both visual charm and lasting support. The earthy green upholstery contrasts beautifully with the warm wooden tones, while patterned cushions add a touch of personality. Perfect for living rooms, reading corners, or lounge areas, the Crown invites relaxation with a timeless aesthetic.","FSC-Certified Solid Wood Frame / High-Density Foam Cushioning / Upholstered Fabric Seat and Backrest / Removable Accent Cushions","Walnut Brown Frame with Olive Green Upholstery / Decorative Cushions in Geometric and Striped Patterns (Red, Black, and White Accents)","Vacuum fabric regularly using a soft brush attachment. Spot clean spills immediately with a damp cloth and mild detergent. Keep away from direct sunlight to prevent fading. Polish wooden frame occasionally with furniture wax for long-lasting sheen.","2024 Collection","https://res.cloudinary.com/dubgo0vue/image/upload/v1776799467/destrezza/migrated/gfv4vwdyif0uon9v8gs2.png","https://res.cloudinary.com/dubgo0vue/image/upload/v1776799468/destrezza/migrated/bjuhgif6wtuubsjdno4v.png","https://res.cloudinary.com/dubgo0vue/image/upload/v1776799471/destrezza/migrated/yvznlumcjzrk2kksg0lm.png","Living","Accent | Lounge Chairs"
"13","Devora","Console","Devora stands as a statement of refined living — thoughtfully crafted to enhance interior spaces not just with functionality, but with a graceful presence that lingers in every detail. Its curved silhouette, paired with handwoven cane panels and rich wood textures, creates an atmosphere of subtle luxury. A perfect blend of form and function, Devora elevates any room with its warm elegance.","Solid Wood Frame / Natural Handwoven Cane Panels / Matte Lacquer Finish","Warm Walnut Brown with Natural Cane","Wipe with a soft dry cloth. Avoid excessive moisture on cane surfaces. Keep away from direct sunlight and high humidity to preserve natural materials. Use mild wood polish occasionally to maintain finish.","2024 Collection","https://res.cloudinary.com/dubgo0vue/image/upload/v1776799472/destrezza/migrated/hzz8bsndrkkjqmnhjmtq.jpg","https://res.cloudinary.com/dubgo0vue/image/upload/v1776799473/destrezza/migrated/nl3aqr2zpy62yo71v9yy.jpg","https://res.cloudinary.com/dubgo0vue/image/upload/v1776799475/destrezza/migrated/dqvqj8nsagfxoahymmxg.jpg","Living","Consoles & Sideboards"
"14","Dravik","Center Table","The Dravik Center Table embodies sculpted precision and serene strength. Crafted from solid wood, its rhythmic fluted base forms a bold architectural statement while maintaining a minimalist silhouette. The smooth circular top rests gracefully above slender black metal legs, creating a balance between grounded stability and refined elegance. Designed as a centerpiece for living spaces, Dravik celebrates form, texture, and timeless craftsmanship.","Solid Wood Frame and Top / Fluted Wood Detailing / Powder-Coated Metal Legs / Matte Lacquer Finish","Deep Walnut Brown with Black Metal Legs","Wipe with a soft, dry cloth to remove dust. Avoid harsh cleaners or abrasives. Use coasters to prevent moisture rings and protect the wooden surface. Keep away from direct sunlight and excessive heat to maintain the finish.","2024 Collection","https://res.cloudinary.com/dubgo0vue/image/upload/v1776799477/destrezza/migrated/odsgd4f9kdgx99q3d7aj.jpg","https://res.cloudinary.com/dubgo0vue/image/upload/v1776799479/destrezza/migrated/zyohkkamsfb2jdmhdc4b.jpg","https://res.cloudinary.com/dubgo0vue/image/upload/v1776799481/destrezza/migrated/xrz7udkduadh48smddkm.jpg","Living","Coffee Tables"
"15","Elaris","Single Seater","Elaris is a sanctuary of comfort crafted with refined elegance. Designed with smooth, flowing curves and a gracefully balanced rocking frame, it offers a soothing rhythm that invites relaxation. The natural cane backrest paired with a plush seat brings a blend of sophistication and warmth, making it not just a chair, but an immersive experience of living art.","Solid Wood Frame / Natural Handwoven Cane Backrest / Upholstered Fabric Seat / Matte Lacquer Finish","Walnut Brown Frame with Natural Cane and Grey Upholstery","Dust regularly with a soft cloth. Avoid prolonged moisture exposure on cane. Wipe gently with a slightly damp cloth when needed. Keep away from direct sunlight to preserve finish and fabric color.","2024 Collection","https://res.cloudinary.com/dubgo0vue/image/upload/v1776799482/destrezza/migrated/ixkdza581pqvb620su1i.jpg","https://res.cloudinary.com/dubgo0vue/image/upload/v1776799484/destrezza/migrated/zc2sqncx9mrczwf8wj8g.jpg","https://res.cloudinary.com/dubgo0vue/image/upload/v1776799485/destrezza/migrated/itrnsvtvklytuouffunv.jpg","Living","Accent | Lounge Chairs"
"16","Elstra","Axen Chair & Foot Stool","The Elstra Axen Chair & Foot Stool redefines minimal relaxation through a sculptural blend of form and balance. Crafted from smooth solid wood and woven natural cane, its upward lines and curved silhouette evoke calm sophistication. Designed for posture and comfort, the extended reclined back pairs harmoniously with the matching foot stool, making Elstra an ideal statement piece for contemporary living rooms, reading corners, or lounge spaces.","FSC-Certified Solid Wood Frame / Natural Rattan Cane Seat and Backrest / Matte Water-Based Lacquer Finish","Natural Oak Wood with Light Rattan Weave","Dust regularly with a soft, dry cloth. Avoid direct sunlight, moisture, and harsh cleaners. Protect rattan surfaces from heavy pressure to maintain weave integrity. Tighten joints periodically every 6–8 months.","2024 Collection","https://res.cloudinary.com/dubgo0vue/image/upload/v1776799486/destrezza/migrated/fwu3su64swuby6hoqtwc.jpg","https://res.cloudinary.com/dubgo0vue/image/upload/v1776799488/destrezza/migrated/eabuevepfu65rtpolx0o.jpg","https://res.cloudinary.com/dubgo0vue/image/upload/v1776799491/destrezza/migrated/cftlm36gy8ofypywuebn.jpg","Living","Loungers"
"17","Flummox","King Bed","The Flummox King Bed is a modern sanctuary of comfort and sophistication. Featuring a sleek upholstered frame with a tall cushioned headboard, it creates a refined centerpiece for any bedroom. The clean lines and neutral tones exude calmness, while the spacious design ensures restful sleep. Paired with vibrant accent bedding, the Flummox adapts seamlessly to contemporary or classic interiors, balancing functionality with style.","Solid Wood Frame with Upholstered Panels / High-Density Foam Padding / Premium Fabric Upholstery / Optional Storage Base","Soft Taupe Upholstered Frame with Neutral Undertones / Customizable Bedding Options","Vacuum upholstery regularly using a soft brush attachment. Spot clean stains immediately with a damp cloth and mild fabric cleaner. Rotate mattress regularly for longevity. Avoid exposure to direct sunlight and high humidity to preserve the fabric and structure.","2024 Collection","https://res.cloudinary.com/dubgo0vue/image/upload/v1776799493/destrezza/migrated/omf1gxmcs0ggmunfbe9o.png","https://res.cloudinary.com/dubgo0vue/image/upload/v1776799495/destrezza/migrated/fc32irotyipiz3zwiwhs.png","https://res.cloudinary.com/dubgo0vue/image/upload/v1776799497/destrezza/migrated/pqzs3ptsvwzb2ofsdjue.png","Bedroom","Beds"
"18","Flurea","Single Seater","The Flurea Single Seater celebrates gentle curves and crafted comfort. Inspired by the natural unfolding of petals, its sculpted silhouette and soft form invite both beauty and ease. The soothing cream hue is complemented by a bold accent cushion, blending elegance with personality. Designed for modern interiors, Flurea strikes the perfect balance between cozy relaxation and refined artistry.","Solid Wood Internal Frame / Premium Upholstered Fabric / High-Density Foam Cushioning / Metal Legs with Matte Gold Finish","Soft Cream Upholstery with Burnt Red Accent Cushion / Matte Gold Legs","Vacuum regularly with a soft brush attachment. Blot spills immediately using a clean, dry cloth. Use mild upholstery cleaner for stains after testing on a hidden area. Avoid direct sunlight and moisture to preserve fabric tone and texture.","2024 Collection","https://res.cloudinary.com/dubgo0vue/image/upload/v1776799499/destrezza/migrated/vrbaxcun0ofx8hmhvsdl.jpg","https://res.cloudinary.com/dubgo0vue/image/upload/v1776799501/destrezza/migrated/wchcjwyopeyqgu7nuceg.jpg","https://res.cloudinary.com/dubgo0vue/image/upload/v1776799503/destrezza/migrated/qnq3uqvtceg6rtiqotn3.jpg","Living","Accent | Lounge Chairs"
"19","Heaven","Sofa Family","The Heaven Sofa Family is a modern blend of simplicity and luxury. Featuring smooth rounded edges with plush white upholstery, it offers a clean and elegant aesthetic for contemporary living spaces. The solid wooden side accents add warmth and grounding to the minimalist look, while patterned throw pillows introduce a pop of earthy tones. Paired with a sleek wooden and metal coffee table, this set brings both comfort and sophistication to any home.","Solid Wood Accents / High-Density Foam Cushioning / Premium Upholstered Fabric / Metal Coffee Table Base","White Upholstery with Wooden Side Accents / Earth-Tone Patterned Cushions / Dark Brown and Black Coffee Table","Vacuum upholstery regularly with a soft brush attachment. Blot spills immediately with a clean, dry cloth. For stains, use a mild fabric cleaner and spot test before applying. Wipe wood and metal surfaces with a dry or slightly damp cloth. Keep away from direct sunlight and moisture to prevent fading or warping.","2024 Collection","https://res.cloudinary.com/dubgo0vue/image/upload/v1776799505/destrezza/migrated/wjx9d1t5kxbsvxp82kuw.png","https://res.cloudinary.com/dubgo0vue/image/upload/v1776799507/destrezza/migrated/eli5knd8z3hf6ogt6mxe.png","https://res.cloudinary.com/dubgo0vue/image/upload/v1776799508/destrezza/migrated/quyt3cot8mmcpoulh9i8.png","Living","Sofas & Sectionals"
"20","Heaven","Chair","The Heaven Chair is a plush and inviting single-seater designed for maximum comfort with a modern aesthetic. Its soft white upholstery and generously cushioned seat create a cozy retreat, while the rounded armrests and solid wooden side accents add an elegant contemporary touch. Ideal as a standalone lounge chair or as part of the Heaven Sofa Family, it brings warmth, style, and sophistication to any living space.","Solid Wood Accents / High-Density Foam Cushioning / Premium Upholstered Fabric","White Upholstery with Natural Wooden Side Accents","Vacuum upholstery regularly with a soft brush. Blot spills immediately with a clean, dry cloth. For stains, use a mild upholstery cleaner and spot test before applying. Wipe wooden accents with a dry or slightly damp cloth. Keep away from direct sunlight and excessive moisture to prevent fading and warping.","2024 Collection","https://res.cloudinary.com/dubgo0vue/image/upload/v1776799511/destrezza/migrated/ibi9lxvux4hapaug4kwt.png","https://res.cloudinary.com/dubgo0vue/image/upload/v1776799513/destrezza/migrated/ixqetjwxvrnj5woz7hhq.png","https://res.cloudinary.com/dubgo0vue/image/upload/v1776799515/destrezza/migrated/efk0db07xhebuyuopcy7.png","Living","Chairs & Loveseats"
"21","Helm","Chair","The Helm Chair embodies a balance of timeless craftsmanship and modern design. Its rounded rattan backrest and upholstered seat bring together natural textures with contemporary comfort. Perfect for dining, reading, or a creative corner, the chair offers both function and aesthetic elegance—crafted to elevate everyday living with subtle sophistication.","FSC-Certified Solid Oakwood / Natural Rattan Cane Backrest / Upholstered Fabric Seat / Matte Water-Based Lacquer Finish","Natural Wood (Warm Oak) with Blue Upholstery and Subtle Red Piping","Wipe with a soft damp cloth. Avoid prolonged direct sunlight, moisture, or abrasive cleaners. Use seat cushions or mats to maintain upholstery. Periodically check and tighten joints every 6–8 months.","2024 Collection","https://res.cloudinary.com/dubgo0vue/image/upload/v1776799517/destrezza/migrated/xxxywlnsy4ufzoameftz.png","/static/products/Wrk_Helm2.png","/static/products/Wrk_Helm3.png","Living","Chairs & Loveseats"
"22","Ismara","Bed Cot","A contemporary sanctuary, Ismara blends sleek design with lasting comfort. Its minimal yet expressive structure creates a centerpiece of modern living. With clean lines, a soft upholstered headboard, and harmonious proportions, Ismara transforms the bedroom into a calming escape that feels luxurious yet effortlessly refined.","Upholstered Headboard / Solid Wood Frame / High-Density Support Base / Matte Finish","Warm Grey Upholstery with Walnut-Toned Frame","Vacuum fabric surfaces regularly. Clean spills immediately using a mild fabric-safe cleaner. Avoid placing the bed in direct sunlight to prevent discoloration. Dust wooden components with a soft cloth.","2024 Collection","https://res.cloudinary.com/dubgo0vue/image/upload/v1776799596/destrezza/migrated/r87f5yfrrs8ffp6mlclw.jpg","https://res.cloudinary.com/dubgo0vue/image/upload/v1776799599/destrezza/migrated/q9742dk8iiycezkixjka.jpg","https://res.cloudinary.com/dubgo0vue/image/upload/v1776799603/destrezza/migrated/stxhf8y8eszfdydczaju.jpg","Bedroom","Bed Cot"
"23","Kaelix","Single Seater","The Kaelix Single Seater embodies bold modern artistry with a serene balance of form and comfort. Its sculpted curves flow effortlessly around the body, while the textured upholstery adds visual depth and tactile luxury. Supported by a matte black wooden frame, Kaelix redefines minimal design through confident structure and inviting presence — making it an ideal statement for refined modern interiors.","Solid Wood Frame with Matte Black Finish / Premium Textured Upholstery / High-Density Foam Cushioning / Smooth Curved Backrest","Muted Sage Green Upholstery with Matte Black Wooden Frame","Vacuum regularly with a soft brush attachment. Blot stains immediately with a dry cloth. Use mild upholstery cleaner when needed. Avoid placing in direct sunlight or near heat sources to preserve color and texture.","2024 Collection","https://res.cloudinary.com/dubgo0vue/image/upload/v1776799605/destrezza/migrated/wkxyxetdn8n86aat9oxs.jpg","https://res.cloudinary.com/dubgo0vue/image/upload/v1776799607/destrezza/migrated/v3kkaxyluepc5qa5dcie.jpg","https://res.cloudinary.com/dubgo0vue/image/upload/v1776799609/destrezza/migrated/npdj4pyg9rhtm9qskqzf.jpg","Living","Accent | Lounge Chairs"
"24","KIzuki","Study table and chair","Rooted in calm, functional elegance, the Kizuki Study Table & Chair set is a nod to mindful living and purposeful work. Inspired by Japanese simplicity and crafted with natural materials, it creates a serene workspace where clarity, creativity, and comfort coexist.Whether it’s for a home office, creative nook, or reading corner, this set offers a peaceful no clutter, no distractions. Just you and your thoughts.","FSC-Certified Solid Oakwood / Natural Rattan Cane / Matte Water-Based Lacquer Finish / Powder-Coated Steel or Brass Connectors (Hidden Joints)","Natural Wood (Warm Oak)Optional finish: Soft Charcoal Stain or Light Ash","Wipe With Soft Damp Cloth Only. Avoid Direct Sunlight, Excess Moisture, Or Abrasive Cleaners. Use Coasters and Mats to Prevent Surface Marks. Periodically Check and Tighten Joints Every 6–8 Months.","2024 Collection","https://res.cloudinary.com/dubgo0vue/image/upload/v1776799613/destrezza/migrated/sbenx7clx2wbcj1qlh1d.png","https://res.cloudinary.com/dubgo0vue/image/upload/v1776799618/destrezza/migrated/pixw5jsmjmdzww49wbz2.png","https://res.cloudinary.com/dubgo0vue/image/upload/v1776799627/destrezza/migrated/vaji3ksrvdysasvpya1x.png","Home Office","Writing Desk"
"25","Liora","Night Stand","A refined blend of function and elegance, Liora keeps essentials close while adding a quiet charm to your bedroom. Its flowing rounded edges, solid wood body, and handcrafted cane drawer front create a warm and timeless aesthetic. Liora brings both utility and beauty together, making it a graceful companion to any modern bedroom setting.","Solid Wood Structure / Handwoven Natural Cane Drawer Front / Matte Lacquer Finish / Metal Glide Drawer System","Deep Walnut Brown with Natural Cane","Dust regularly with a dry soft cloth. Avoid moisture contact with cane. Wipe gently with a damp cloth when needed. Keep away from direct sunlight to maintain wood color and cane durability.","2024 Collection","https://res.cloudinary.com/dubgo0vue/image/upload/v1776799631/destrezza/migrated/iqoadaaxlccw32zit6p6.jpg","https://res.cloudinary.com/dubgo0vue/image/upload/v1776799636/destrezza/migrated/lsvcwtj8jz0n5s19kotx.jpg","https://res.cloudinary.com/dubgo0vue/image/upload/v1776799639/destrezza/migrated/axqipmtzer5qzwgwj2na.jpg","Bedroom","Night Stand"
"26","Luresta","Bed Cot","With its soft lines, refined structure, and thoughtfully balanced proportions, Luresta turns your bedroom into a place of quiet luxury. The warm wooden finish, paired with upholstered accents, creates a comforting, contemporary presence. Designed for those who believe rest should be as beautiful as it is serene, Luresta offers a timeless blend of style and tranquility.","Solid Wood Frame / Upholstered Headboard Panels / Premium Mattress Support Base / Matte Lacquer Finish","Walnut Brown Frame with Mocha Upholstered Headboard","Dust wooden surfaces regularly. Clean upholstery with a mild fabric-safe cleanser. Keep away from direct sunlight to prevent fading. Wipe gently with a damp cloth when needed.","2024 Collection","https://res.cloudinary.com/dubgo0vue/image/upload/v1776799642/destrezza/migrated/besise9j94uxitqmgxxk.jpg","https://res.cloudinary.com/dubgo0vue/image/upload/v1776799647/destrezza/migrated/skeli2nj9kirieztqwph.jpg","https://res.cloudinary.com/dubgo0vue/image/upload/v1776799652/destrezza/migrated/ug2h0fa6o0snut58rt4z.jpg","Bedroom","Bed Cot"
"27","Lureth","Chair","Blending craftsmanship with quiet sophistication, Lureth brings a touch of warmth and luxury into spaces that value design with meaning. The rich wooden frame paired with a handwoven cane backrest and an intricately patterned upholstered seat creates a piece that feels both timeless and expressive.","Solid Wood Frame / Handwoven Cane Backrest / Premium Upholstered Fabric Seat / Matte Lacquer Finish","Walnut Brown Frame with Patterned Terracotta Seat","Clean cane gently with a dry brush. Dust wooden surfaces regularly. Dab fabric with a mild upholstery cleaner when needed. Avoid prolonged sun exposure to preserve color and material longevity.","2024 Collection","https://res.cloudinary.com/dubgo0vue/image/upload/v1776799653/destrezza/migrated/cxqyjuzpvnffdk3rxzd6.jpg","https://res.cloudinary.com/dubgo0vue/image/upload/v1776799655/destrezza/migrated/nxzwkxdughli9iyv3xos.jpg","https://res.cloudinary.com/dubgo0vue/image/upload/v1776799657/destrezza/migrated/nmgn2cmxojfqcsm7meca.jpg","Living","Chairs & Loveseats"
"28","Malvera","Bed Cot","Where elegance meets strength. Malvera blends contemporary structure with soft, inviting comfort, creating a bed that enhances modern living. With its sleek frame, refined design language, and warm earthy bedding tones, Malvera brings balance, beauty, and lasting comfort to any bedroom space.","Solid Wood Frame / Powder-Coated Metal Posts / Premium Upholstered Headboard / High-Durability Finish","Olive Green Frame with Mustard & Taupe Bedding Accents","Dust regularly with a dry cloth. Clean the frame gently using a soft damp cloth. Avoid harsh chemicals. Rotate and air bedding fabrics to maintain freshness and longevity.","2024 Collection","https://res.cloudinary.com/dubgo0vue/image/upload/v1776799661/destrezza/migrated/rb3bpexu13x54dyt1yz1.jpg","https://res.cloudinary.com/dubgo0vue/image/upload/v1776799664/destrezza/migrated/cqnc3446xgeqa1zsyhy8.jpg","https://res.cloudinary.com/dubgo0vue/image/upload/v1776799666/destrezza/migrated/tclnvkzvzgvrbbw9uoa4.jpg","Bedroom","Bed Cot"
"29","Meridian","Console","The Meridian Console is a striking blend of modern curves and timeless craftsmanship. Its sweeping edges and diagonal panel details create a bold yet refined silhouette, designed to serve as both a functional storage solution and an aesthetic statement. Perfect for living rooms, dining areas, or entryways, it offers ample storage while enhancing interiors with a sense of understated luxury.","FSC-Certified Solid Oakwood Frame & Panels / Veneered Finish with Diagonal Detailing / Matte Water-Based Lacquer","Warm Walnut Frame with Contrasting Golden-Bronze Toned Panels","Dust regularly with a soft dry cloth. Clean spills immediately with a slightly damp cloth. Avoid direct sunlight, excess heat, and abrasive cleaners. Use mats or runners to protect the surface from scratches.","2024 Collection","https://res.cloudinary.com/dubgo0vue/image/upload/v1776799670/destrezza/migrated/atqmv3eqreprxq7gsehm.png","https://res.cloudinary.com/dubgo0vue/image/upload/v1776799675/destrezza/migrated/omlkf8endfewscqrw8jw.png","https://res.cloudinary.com/dubgo0vue/image/upload/v1776799680/destrezza/migrated/l03scvj9nucj3qdpuhun.png","Living","Consoles"
"30","Noir","Console","The Noir Console is crafted for those who appreciate the beauty of simplicity. With its elegantly fluted wooden doors and refined proportions, it embodies quiet sophistication. Functional at its core, yet graceful in presence, Noir serves as both a storage solution and a statement of modern minimalism — enhancing the ambience of any space it inhabits.","Solid Wood Frame / Fluted Veneer Sliding Doors / Concealed Storage Compartments / Matte Lacquer Finish","Warm Walnut Brown with Subtle Satin Texture","Dust with a soft, dry cloth. Wipe spills immediately to prevent marks. Avoid direct sunlight, heat, and humidity. Use coasters or mats to protect the surface from scratches or moisture rings.","2024 Collection","https://res.cloudinary.com/dubgo0vue/image/upload/v1776799681/destrezza/migrated/u6ls5wzv3ecqgdhpp1oh.jpg","https://res.cloudinary.com/dubgo0vue/image/upload/v1776799683/destrezza/migrated/vu8swcwpdjxvu7sajmzm.jpg","https://res.cloudinary.com/dubgo0vue/image/upload/v1776799685/destrezza/migrated/jhj7s3qtiftbuyzfkhts.jpg","Living","Consoles"
"31","Nuvra","Center Table","The Nuvra Center Table is a gentle expression of balance and beauty. With its sculpted triangular base wrapped in natural cane and a smooth solid wood top, it brings warmth and character to any living space. Nuvra’s rounded edges and seamless proportions turn simplicity into elegance, making it a versatile centerpiece that blends craftsmanship with contemporary charm.","Solid Wood Top / Natural Rattan Cane Wrapped Base Panels / Matte Lacquer Finish / Hidden Joinery Detailing","Deep Walnut Brown with Natural Cane Accents","Dust regularly using a soft, dry cloth. Wipe spills immediately with a damp cloth and dry thoroughly. Avoid direct sunlight, moisture, and harsh chemicals. Use coasters or placemats to protect the tabletop from heat and water rings.","2024 Collection","https://res.cloudinary.com/dubgo0vue/image/upload/v1776799698/destrezza/migrated/m8mm7xsfj5ooxt4q3xqf.jpg","https://res.cloudinary.com/dubgo0vue/image/upload/v1776799709/destrezza/migrated/jhwnkgc35kv40utwduid.jpg","https://res.cloudinary.com/dubgo0vue/image/upload/v1776799725/destrezza/migrated/hrqdvh9jc05j1ttnylre.jpg","Living","Coffee Tables"
"32","Orren","Chair","The Orren Chair is a seamless blend of tradition and modernity. Its handcrafted cane backrest brings timeless warmth, while the vibrant orange cushion adds a lively contemporary touch. Designed with soft curves and a graceful silhouette, Orren offers both comfort and elegance, making it a welcoming addition to dining rooms, cafes, and living spaces alike.","Solid Wood Frame / Handwoven Natural Rattan Cane Backrest / Premium Upholstered Cushion / Matte Water-Based Lacquer Finish","Walnut Brown Frame with Natural Cane & Burnt Orange Upholstered Seat","Dust wood and cane using a dry cloth. Vacuum the cushion gently with a soft brush attachment. Clean fabric with mild upholstery cleaner when needed. Avoid direct sunlight and moisture to preserve color and texture.","2024 Collection","https://res.cloudinary.com/dubgo0vue/image/upload/v1776799775/destrezza/migrated/ti4gmmpr0xzxiopfwtmy.jpg","https://res.cloudinary.com/dubgo0vue/image/upload/v1776799889/destrezza/migrated/yvsggciyzf19zklfggxx.jpg","https://res.cloudinary.com/dubgo0vue/image/upload/v1776799895/destrezza/migrated/griqmpfpcioffejhwfpl.jpg","Dining","Dining Chairs"
"33","Orvessa","Night Stand","The Orvessa Night Stand brings together classic form and modern refinement in perfect harmony. Crafted with a smooth cylindrical profile, it anchors the bedside with understated sophistication. Two seamlessly curved drawers offer discreet storage while maintaining the table’s sculptural integrity. Designed for modern bedrooms, Orvessa stands out through its elegant geometry and natural wood finish.","Solid Wood Structure / Dual Soft-Closing Drawers / Concealed Metal Runners / Matte Lacquer Finish","Rich Walnut Brown with Subtle Satin Finish","Dust regularly with a soft, dry cloth. Wipe spills immediately to prevent staining. Avoid direct sunlight and high humidity. Use coasters for decorative items to protect the wooden surface from scratches or moisture rings.","2024 Collection","https://res.cloudinary.com/dubgo0vue/image/upload/v1776799898/destrezza/migrated/ulearj0j1sy0ljdsgoeq.jpg","https://res.cloudinary.com/dubgo0vue/image/upload/v1776799901/destrezza/migrated/eynxchuimi3eg7nbvcms.jpg","https://res.cloudinary.com/dubgo0vue/image/upload/v1776799903/destrezza/migrated/oqa4mnenj5iv5nfvw5yc.jpg","Bedroom","Nightstands"
"34","Orvessa","Bed Cot","The Orvessa Bed Cot is a timeless ode to vintage-inspired design. With its bold wooden frame and refined detailing, it merges strength with serenity, transforming rest into an experience of grace. The extended headboard enhances visual balance while adding a sculptural presence to the bedroom. Crafted to elevate modern interiors, Orvessa offers the perfect harmony of comfort, elegance, and craftsmanship.","Solid Wood Frame / Precision Joinery / Matte Lacquer Finish / Extended Headboard Panel","Rich Walnut Brown with Satin Finish","Dust regularly with a soft cloth. Avoid harsh chemicals or abrasive cleaners. Keep away from prolonged direct sunlight and moisture. Use a mattress protector to extend fabric longevity.","2024 Collection","https://res.cloudinary.com/dubgo0vue/image/upload/v1776799906/destrezza/migrated/epeaxtr9mhyiqxxyhwpq.jpg","https://res.cloudinary.com/dubgo0vue/image/upload/v1776799907/destrezza/migrated/ykayeyvkpkmkk7sudc5v.jpg","https://res.cloudinary.com/dubgo0vue/image/upload/v1776799909/destrezza/migrated/botqftbu5msnsntrgpvs.jpg","Bedroom","Beds"
"35","Ravelle","Bed Cot","The Ravelle Bed Cot blends elegance with organic charm. Its handcrafted cane panels soften the clean wooden structure, creating a design that feels airy, natural, and effortlessly luxurious. The rounded top frame adds a subtle sculptural touch while maintaining a minimal silhouette. Ravelle transforms the bedroom into a sanctuary of calm refinement, celebrating comfort through thoughtful craftsmanship.","Solid Wood Frame / Natural Handwoven Rattan Cane Headboard Panels / Matte Lacquer Finish / Rounded Top Rail","Deep Walnut Brown Frame with Natural Cane Details","Dust regularly with a soft, dry cloth. Avoid excessive moisture on cane surfaces. Keep away from direct sunlight to preserve the natural tones. Use a mattress protector to maintain fabric freshness.","2024 Collection","https://res.cloudinary.com/dubgo0vue/image/upload/v1776799911/destrezza/migrated/qemnm7b3hwxtesvwf4mu.jpg","https://res.cloudinary.com/dubgo0vue/image/upload/v1776799913/destrezza/migrated/jbbk4iuwybfvqilxkfsx.jpg","https://res.cloudinary.com/dubgo0vue/image/upload/v1776799917/destrezza/migrated/gejr0hthaz0galaxcotj.jpg","Bedroom","Beds"
"36","Savannah","Night Stand","The Savannah Night Stand blends traditional charm with modern functionality. Designed as part of the Savannah collection, it features a graceful wooden frame accented by a natural rattan drawer front. The turned wooden legs add a classic touch, while the light-toned finish brings an airy, timeless elegance to your bedroom. Both drawers provide ample storage, making it as practical as it is beautiful.","Solid Wood Frame / Natural Rattan Cane Drawer Front / Wooden Turned Legs / Matte Water-Based Lacquer Finish","Light Ash Wood with Natural Cane Accents","Dust regularly with a soft, dry cloth. Avoid using harsh chemicals or water directly on cane surfaces. Wipe wood gently with a slightly damp cloth and dry immediately. Keep away from direct sunlight and heat to preserve the natural finish.","2024 Collection","https://res.cloudinary.com/dubgo0vue/image/upload/v1776799919/destrezza/migrated/pb3wwfw1flkxbiljkx8x.jpg","https://res.cloudinary.com/dubgo0vue/image/upload/v1776799920/destrezza/migrated/dbha2rhgeokdh4lulbdy.jpg","https://res.cloudinary.com/dubgo0vue/image/upload/v1776799922/destrezza/migrated/kriqhzwfdnr90v2junvc.jpg","Bedroom","Nightstands"
"37","Savannah","Bed Cot","The Savannah Bed Cot is more than a place to rest — it is a sanctuary of comfort and elegance. With its handcrafted cane panels, sculpted wooden posts, and refined classic silhouette, it carries a timeless charm. Designed to bring warmth and calmness to the bedroom, Savannah blends artisanal detail with graceful presence, transforming your space into a haven of serene, refined living.","Solid Wood Frame / Handwoven Natural Cane Headboard and Footboard Panels / Decorative Turned Posts / Matte Lacquer Finish","Soft Ivory Wood with Natural Cane Detailing","Dust regularly with a soft cloth. Clean cane gently with a dry brush. Avoid harsh chemicals and protect from prolonged sunlight. Use a mattress protector to maintain bedding freshness and longevity.","2024 Collection","https://res.cloudinary.com/dubgo0vue/image/upload/v1776799923/destrezza/migrated/l4mmrffrjkvxggylqpcu.jpg","https://res.cloudinary.com/dubgo0vue/image/upload/v1776799925/destrezza/migrated/bkcyoz1thz8vuqnqhq4r.jpg","https://res.cloudinary.com/dubgo0vue/image/upload/v1776799926/destrezza/migrated/qkoea8hlagf3b2fp7ywj.jpg","Bedroom","Beds"
"38","Serra","Single Seater","The Serra Single Seater is an expression of calm sophistication. Designed with soft, enveloping curves and textured upholstery, it embraces you with comfort while maintaining a timeless contemporary profile. Its sleek matte-black wooden frame adds structure and elegance, making Serra a refined addition to living spaces, reading corners, and modern lounges.","Solid Wood Frame with Matte Black Finish / Premium Textured Upholstery / High-Density Foam Padding / Ergonomic Curved Backrest","Ivory Textured Fabric with Matte Black Frame","Vacuum regularly with a soft brush attachment. Blot spills immediately with a clean, dry cloth. Use mild fabric cleaner when needed. Avoid placing in direct sunlight to preserve the upholstery tone and texture.","2024 Collection","https://res.cloudinary.com/dubgo0vue/image/upload/v1776799929/destrezza/migrated/ciubjxc8evvopw9tobjj.jpg","https://res.cloudinary.com/dubgo0vue/image/upload/v1776799930/destrezza/migrated/is644i0lyaj7s5oqpals.jpg","https://res.cloudinary.com/dubgo0vue/image/upload/v1776799933/destrezza/migrated/fslfxognvok8d0lfjedi.jpg","Living","Accent | Lounge Chairs"
"39","Sylvara","Bed Cot","The Sylvara Bed Cot blends refreshing style with a calming aesthetic inspired by open skies. Its soothing aqua-toned frame, paired with handcrafted cane panels, creates a serene atmosphere in any bedroom. With elegant turned legs, soft curves, and a matching bench at the foot, Sylvara brings harmony, comfort, and a touch of artistic charm to modern living spaces.","Solid Wood Frame / Handcrafted Cane Headboard & Footboard / Premium Upholstered Bench / Matte Lacquer Finish","Aqua Blue Frame with Natural Cane Weave / Beige Upholstered Bench","Dust wood and cane surfaces regularly with a soft dry cloth. Avoid direct sunlight to preserve color and cane integrity. Clean upholstered sections with mild fabric cleaner as needed. Keep away from excessive moisture.","2024 Collection","https://res.cloudinary.com/dubgo0vue/image/upload/v1776799935/destrezza/migrated/qllgtqvnfvhykoqmbtea.jpg","https://res.cloudinary.com/dubgo0vue/image/upload/v1776799937/destrezza/migrated/g0p41da7w4egl5aap986.jpg","https://res.cloudinary.com/dubgo0vue/image/upload/v1776799939/destrezza/migrated/umic9hyl1iybeq29jltu.jpg","Bedroom","Beds"
"40","Thaliora","Night Stand","The Thaliora Night Stand captures the essence of timeless craftsmanship through its clean lines and balanced form. Designed to complement the Thaliora Bed Cot, it blends vintage inspiration with modern practicality. Its warm wooden tone, spacious open shelf, and discreet drawer make it ideal for bedside storage while adding refined sophistication to any bedroom setting.","Solid Wood Frame / Engineered Wood Drawer Base / Matte Lacquer Finish / Precision Joinery","Warm Walnut Brown with Subtle Matte Sheen","Wipe with a soft, dry cloth. Avoid using harsh chemicals or abrasive materials. Use coasters for items that may cause moisture or stains. Keep away from direct sunlight and high humidity to preserve the finish.","2024 Collection","https://res.cloudinary.com/dubgo0vue/image/upload/v1776799941/destrezza/migrated/oo1nfgdzqczxhg3dt5nz.jpg","https://res.cloudinary.com/dubgo0vue/image/upload/v1776799942/destrezza/migrated/ndt4y6hypxsunszhgaug.jpg","https://res.cloudinary.com/dubgo0vue/image/upload/v1776799944/destrezza/migrated/axfekoodlkmhptpyf8jj.jpg","Bedroom","Nightstands"
"41","Thaliora","Bed Cot","The Thaliora Bed Cot is a tribute to vintage-inspired craftsmanship, blending intricate spindle work with timeless elegance. Its gracefully carved four-poster structure adds grandeur while maintaining a warm, inviting presence. The rich wooden texture and refined detailing make Thaliora the centerpiece of any bedroom—bringing heritage charm into modern living with comfort and sophistication.","Solid Wood Frame / Hand-Turned Spindle Headboard & Footboard / Four-Poster Bed Structure / Matte Water-Based Lacquer Finish","Warm Walnut Brown","Dust regularly using a soft dry cloth. Avoid direct sunlight and excessive moisture to preserve the wood’s natural tone. For deeper cleaning, use a mild wood-safe polish. Periodically check and tighten structural joints for longevity.","2024 Collection","https://res.cloudinary.com/dubgo0vue/image/upload/v1776799945/destrezza/migrated/o7fcaf95krpul0n9tran.jpg","https://res.cloudinary.com/dubgo0vue/image/upload/v1776799946/destrezza/migrated/dt1mvapqgf4phliobiai.jpg","https://res.cloudinary.com/dubgo0vue/image/upload/v1776799948/destrezza/migrated/yde38pvo0r9mbdrcjtx5.jpg","Bedroom","Beds"
"42","Wellash","Chair","The Wellash Chair is an ode to minimal elegance and timeless design. With its fluid curved backrest and slender frame, it showcases masterful craftsmanship while offering lightweight comfort. The natural rattan seat complements the warm wooden finish, making it an ideal choice for dining areas, reading nooks, or serene lounge settings. Designed to blend seamlessly into modern and traditional spaces, the Wellash is simplicity perfected.","FSC-Certified Solid Oakwood Frame / Natural Rattan Cane Seat / Matte Water-Based Lacquer Finish","Natural Wood (Rich Walnut Tone) with Light Rattan Seat","Dust regularly with a soft dry cloth. Avoid direct sunlight, excessive moisture, and abrasive cleaners. Protect rattan from heavy loads to preserve its weave. Tighten joints periodically every 6–8 months.","2024 Collection","https://res.cloudinary.com/dubgo0vue/image/upload/v1776799950/destrezza/migrated/wzb3jhxjtmv4atppp4sp.png","https://res.cloudinary.com/dubgo0vue/image/upload/v1776799952/destrezza/migrated/y6xb7ul7qm3upmuz6pey.png","https://res.cloudinary.com/dubgo0vue/image/upload/v1776799954/destrezza/migrated/gvh1mppyr5wizwwtjjjy.png","Living","Chairs & Loveseats"
"43","Zereth","Console","The Zereth Console is where design meets distinction. Built with clean geometry and accented with vertical fluted detailing, it balances modern minimalism with bold presence. Its rich wood grain, seamless storage layout, and elevated base create depth and sophistication—making Zereth an elegant anchor for living rooms, entryways, or dining spaces.","Solid Wood Frame / Veneered Panels / Vertical Fluted Detailing / Matte Water-Based Lacquer Finish","Warm Walnut Brown","Dust with a soft dry cloth. Clean spills immediately with a slightly damp cloth. Avoid harsh chemicals and prolonged sunlight exposure. Use coasters or runners to protect the surface.","2024 Collection","https://res.cloudinary.com/dubgo0vue/image/upload/v1776799956/destrezza/migrated/pr1xxvo6k9zm53y7zvse.jpg","https://res.cloudinary.com/dubgo0vue/image/upload/v1776799957/destrezza/migrated/ssuv2slbwa5fnmsqyofy.jpg","https://res.cloudinary.com/dubgo0vue/image/upload/v1776799959/destrezza/migrated/fr3cby2la7swsfd2ezzu.jpg","Living","Consoles"
"44","Zig Zag","Single Seater","The Zig Zag Single Seater is a statement piece that merges bold patterns with refined comfort. Featuring geometric patterned armrests paired with a neutral upholstered seat, it balances artistic expression with everyday functionality. Designed for modern living rooms, cozy reading corners, or stylish lounges, it invites you to relax in effortless elegance.","FSC-Certified Solid Oakwood Frame / Upholstered Fabric Seat & Backrest / Patterned Fabric Armrests / Matte Water-Based Lacquer Finish","Natural Wood Base with Beige Upholstery and Black-White Geometric Patterned Armrests","Vacuum or brush lightly to remove dust. Spot clean fabric with mild upholstery cleaner. Keep away from direct sunlight and moisture. Avoid harsh cleaners on wood surfaces. Tighten joints periodically every 6–8 months.","2024 Collection","https://res.cloudinary.com/dubgo0vue/image/upload/v1776799963/destrezza/migrated/sl0axaau244cikjfdeqq.png","https://res.cloudinary.com/dubgo0vue/image/upload/v1776799966/destrezza/migrated/psb4o3vgvcgxebifvvkc.png","https://res.cloudinary.com/dubgo0vue/image/upload/v1776799969/destrezza/migrated/amua4eon69ezxmqxvx7v.png","Living","Accent | Lounge Chairs"
